user,start,end
1,749,757
1,1435,1443
1,2497,2506
1,2649,2664
1,2815,2824
2,49,58
2,95,107
2,408,420
2,497,514
2,816,826
2,979,990
2,1005,1019
2,1267,1278
2,1494,1507
2,1710,1727
2,1962,1977
2,2053,2064
2,2149,2165
2,2427,2441
2,2588,2602
2,2767,2779
2,2857,2871
2,2970,2979
10,883,892
10,893,903
10,1056,1073
10,2761,2780
11,1068,1080
11,1228,1244
12,440,451  
12,476,492
12,577,587
12,593,607
12,950,962
12,963,977
12,994,1006
12,1711,1721
12,1818,1835
12,2260,2271
12,2397,2407
12,2412,2418
13,56,66
13,2574,2584
14,75,90
14,468,482
14,636,647
14,806,819
14,930,942
14,1318,1331
14,1487,1503
14,1656,1668
14,1824,1838
14,1996,2014
14,2503,2518
14,2681,2692
14,2848,2863
15,37,49
15,236,246
15,286,297
15,405,417
15,484,500
15,576,588
15,750,762
15,833,845
15,922,935
15,1097,1108
15,1262,1276
15,1438,1450
15,1472,1486
15,1624,1638
15,1794,1810
15,1831,1846
15,2010,2026
15,2148,2164
15,2312,2326
15,2376,2390
15,2502,2516
15,2582,2596
15,2670,2684
15,2756,2767
15,2902,2916
16,245,254
16,875,885
16,2948,2958
16,1039,1056
16,1216,1232
17,212,222
17,370,379
17,440,448
17,533,546
17,683,693
17,699,712
17,855,867
17,1020,1032
17,1156,1169
17,1310,1320
17,1480,1493
17,1804,1816
17,1987,2002
17,2131,2146
17,2286,2301
17,2436,2457
17,2602,2617
17,2727,2742
17,2872,2886
18,308,330
18,594,607
18,1808,1828
18,1954,1982
18,2100,2108
18,2626,2646
18,2732,2756
18,2894,2907
19,34,53
19,248,266
19,404,424
19,902,918
19,1092,1118
19,1252,1274
19,1418,1434
19,1590,1605
19,1708,1724
19,1782,1794
19,1938,1960
19,2100,2128
19,2442,2464
19,2624,2642
19,2796,2810
19,2976,2996
21,260,270
21,334,346
21,416,428
21,432,442
21,482,494
21,598,616
21,902,920
21,954,966
21,1068,1076
21,1122,1132
21,1230,1242
21,1266,1279
21,1392,1404
21,1432,1440
21,1608,1618
21,1619,1628
21,1730,1742
21,1818,1828
21,1898,1908
21,2149,2163
21,2428,2446
21,2568,2582
21,2584,2599
21,2600,2612
21,2650,2660
21,2736,2746
21,2918,2932
22,2988,2996
23,86,100
23,912,926
23,1257,1270
23,2656,2667
23,2792,2808
24,166,180
24,356,384
24,604,620
24,756,776
24,900,924
24,1257,1270
24,1406,1424
24,1578,1608
24,1686,1710
24,2604,2622
24,2972,2988




















